proper_colour_name,proper_colour,x,y,latitude,longitude
yellow,"[235, 52, 0]",999,1663,53.30580149455887,-6.300019136962364
green,"[96, 184, 23]",1037,1650,53.30664260947966,-6.295897684809017
green,"[96, 184, 23]",1215,1625,53.30825747378096,-6.2765946370286345
green,"[96, 184, 23]",1063,1625,53.30826133363407,-6.293076531626371
green,"[96, 184, 23]",1227,1612,53.30909924893979,-6.275292456319637
green,"[96, 184, 23]",1253,1587,53.31071797309419,-6.272471303136991
green,"[96, 184, 23]",1240,1587,53.310718303213214,-6.273880938859165
yellow,"[235, 52, 0]",1050,1587,53.31072312802959,-6.294483307106335
green,"[96, 184, 23]",1113,1574,53.31156360810613,-6.287651017025728
yellow,"[235, 52, 0]",1861,1561,53.3123866934499,-6.206541767738219
yellow,"[235, 52, 0]",1139,1561,53.31240502775216,-6.284830767077464
yellow,"[235, 52, 0]",1126,1561,53.31240535787118,-6.286240402799639
green,"[96, 184, 23]",1050,1561,53.31240728779773,-6.294481350098507
yellow,"[235, 52, 0]",1139,1549,53.31318233226054,-6.284829863843082
green,"[96, 184, 23]",1113,1549,53.31318299249857,-6.287649135287431
green,"[96, 184, 23]",1088,1549,53.31318362734283,-6.290359973214691
yellow,"[235, 52, 0]",949,1549,53.313187157076925,-6.305432232090252
yellow,"[235, 52, 0]",949,1536,53.31402923696099,-6.305431253586337
green,"[96, 184, 23]",1088,1523,53.31486778711097,-6.290358016206863
green,"[96, 184, 23]",1025,1523,53.3148693869185,-6.297189327783555
yellow,"[235, 52, 0]",1012,1523,53.31486971703752,-6.2985989635057305
green,"[96, 184, 23]",1240,1511,53.31564123176623,-6.273875218374744
green,"[96, 184, 23]",1164,1511,53.31564316169278,-6.282116165673612
green,"[96, 184, 23]",1151,1511,53.3156434918118,-6.283525801395787
green,"[96, 184, 23]",974,1511,53.31564798650917,-6.302718533920782
green,"[96, 184, 23]",961,1511,53.31564831662818,-6.304128169642957
green,"[96, 184, 23]",1177,1498,53.31648491145784,-6.280705551447523
green,"[96, 184, 23]",1113,1473,53.31810592105159,-6.287643414803011
green,"[96, 184, 23]",1037,1473,53.318107850978144,-6.295884362101878
yellow,"[235, 52, 0]",1025,1473,53.318108155703385,-6.297185564306963
green,"[96, 184, 23]",1012,1473,53.3181084858224,-6.298595200029138
yellow,"[235, 52, 0]",961,1473,53.3181097809047,-6.304125309400747
yellow,"[235, 52, 0]",1151,1460,53.31894703597238,-6.283521962649663
yellow,"[235, 52, 0]",1037,1460,53.31894993086221,-6.295883383597965
green,"[96, 184, 23]",771,1460,53.31895668560515,-6.324726699144002
green,"[96, 184, 23]",1189,1447,53.31978815089317,-6.279400510496314
green,"[96, 184, 23]",1177,1447,53.319788455618415,-6.280701712701399
green,"[96, 184, 23]",1126,1447,53.31978975070071,-6.286231822073008
yellow,"[235, 52, 0]",987,1447,53.3197932804348,-6.301304080948569
green,"[96, 184, 23]",974,1447,53.319793610553816,-6.302713716670744
green,"[96, 184, 23]",771,1447,53.31979876548922,-6.324725720640088
yellow,"[235, 52, 0]",1151,1435,53.32056642036482,-6.283520080911367
orange,"[235, 52, 0]",1139,1435,53.32056672509007,-6.284821283116451
green,"[96, 184, 23]",1063,1435,53.32056865501662,-6.293062230415319
green,"[96, 184, 23]",999,1435,53.32057028021793,-6.300001975509103
green,"[96, 184, 23]",1101,1422,53.32140976993741,-6.288940778261971
green,"[96, 184, 23]",1088,1422,53.321410100056426,-6.290350413984146
green,"[96, 184, 23]",1037,1422,53.32141139513872,-6.295880523355755
green,"[96, 184, 23]",1025,1422,53.321411699863965,-6.297181725560839
yellow,"[235, 52, 0]",759,1422,53.321418454606906,-6.326025041106877
green,"[96, 184, 23]",1697,1409,53.32223671513429,-6.224313423572198
green,"[96, 184, 23]",1684,1409,53.32223704525331,-6.225723059294372
red,"[235, 52, 0]",1367,1409,53.32224509507854,-6.260096484212019
green,"[96, 184, 23]",1101,1409,53.32225184982148,-6.288939799758057
green,"[96, 184, 23]",1088,1409,53.3222521799405,-6.290349435480231
green,"[96, 184, 23]",657,1409,53.32226312465557,-6.33708428134618
green,"[96, 184, 23]",847,1397,53.323035604347545,-6.316481009864628
green,"[96, 184, 23]",619,1397,53.32304139412721,-6.341203851761232
green,"[96, 184, 23]",1392,1384,53.32386384462672,-6.257383764546463
yellow,"[235, 52, 0]",1379,1384,53.32386417474574,-6.258793400268639
green,"[96, 184, 23]",1303,1384,53.32386610467229,-6.267034347567506
green,"[96, 184, 23]",1367,1346,53.32632594374749,-6.260091742231513
green,"[96, 184, 23]",683,1346,53.32634331308648,-6.334260267921324
yellow,"[235, 52, 0]",961,1333,53.32717833350236,-6.304114771666288
green,"[96, 184, 23]",695,1333,53.3271850882453,-6.332958087212325
green,"[96, 184, 23]",683,1333,53.32718539297055,-6.3342592894174095
yellow,"[235, 52, 0]",645,1333,53.32718635793383,-6.338379763066843
yellow,"[235, 52, 0]",1671,1321,53.327937608433714,-6.227126071297745
green,"[96, 184, 23]",683,1321,53.32796269747892,-6.334258386183027
green,"[96, 184, 23]",1544,1308,53.32878291332663,-6.240896149464307
green,"[96, 184, 23]",1177,1308,53.32879223284039,-6.2806912502364725
green,"[96, 184, 23]",1164,1308,53.3287925629594,-6.282100885958647
green,"[96, 184, 23]",1265,1295,53.329632078072656,-6.271148122228606
green,"[96, 184, 23]",1177,1295,53.32963431272445,-6.280690271732558
green,"[96, 184, 23]",569,1257,53.3321112164134,-6.3466149898812905
yellow,"[235, 52, 0]",1773,1245,53.33285794682215,-6.2160601320701065
yellow,"[235, 52, 0]",1493,1245,53.33286505707788,-6.24642151685541
yellow,"[235, 52, 0]",1671,1232,53.3337026168708,-6.22711937230941
green,"[96, 184, 23]",290,1232,53.33373768566779,-6.376866059411207
green,"[96, 184, 23]",315,1219,53.3345791307076,-6.374154242980034
green,"[96, 184, 23]",303,1207,53.33535673994122,-6.375454541950736
green,"[96, 184, 23]",1722,1194,53.33616278606502,-6.221586402695591
green,"[96, 184, 23]",1722,1181,53.33700486594909,-6.221585424191677
yellow,"[235, 52, 0]",531,1181,53.337035109929694,-6.350729743046304
green,"[96, 184, 23]",1379,1169,53.33779088052072,-6.258777217319291
green,"[96, 184, 23]",594,1169,53.33781081463053,-6.343897528235229
green,"[96, 184, 23]",581,1169,53.33781114474954,-6.345307163957403
yellow,"[235, 52, 0]",531,1169,53.33781241443806,-6.350728839811922
green,"[96, 184, 23]",607,1156,53.33865256439558,-6.34248691400914
green,"[96, 184, 23]",683,1143,53.33949271435309,-6.334244988206359
yellow,"[235, 52, 0]",645,1143,53.33949367931637,-6.338365461855792
green,"[96, 184, 23]",607,1143,53.33949464427965,-6.342485935505226
yellow,"[235, 52, 0]",341,1143,53.33950139902259,-6.371329251051264
green,"[96, 184, 23]",1265,1131,53.34025523968707,-6.271135778025382
green,"[96, 184, 23]",683,1131,53.34027001886147,-6.334244084971976
green,"[96, 184, 23]",607,1131,53.34027194878802,-6.342485032270844
green,"[96, 184, 23]",581,1131,53.34027260902605,-6.345304303715193
green,"[96, 184, 23]",353,1131,53.34027839880572,-6.370027145611797
orange,"[235, 52, 0]",328,1131,53.34027903364998,-6.372737983539056
green,"[96, 184, 23]",1063,1118,53.34110244911277,-6.293038369973722
green,"[96, 184, 23]",708,1118,53.34111146390127,-6.331532268540803
yellow,"[235, 52, 0]",695,1118,53.34111179402029,-6.332941904262977
green,"[96, 184, 23]",607,1118,53.34111402867209,-6.342484053766929
green,"[96, 184, 23]",341,1118,53.34112078341503,-6.371327369312968
green,"[96, 184, 23]",328,1118,53.34112111353405,-6.372737005035142
yellow,"[235, 52, 0]",1583,1105,53.3419313242362,-6.236651962582817
green,"[96, 184, 23]",695,1105,53.34195387390436,-6.332940925759063
green,"[96, 184, 23]",632,1105,53.3419554737119,-6.339772237335756
green,"[96, 184, 23]",594,1105,53.341956438675176,-6.34389271098519
green,"[96, 184, 23]",417,1105,53.34196093337255,-6.363085443510186
green,"[96, 184, 23]",227,1105,53.34196575818893,-6.383687811757355
yellow,"[235, 52, 0]",1557,1093,53.34270928898261,-6.239470330792785
green,"[96, 184, 23]",923,1093,53.34272538863307,-6.308217180628078
green,"[96, 184, 23]",923,1080,53.343567468517136,-6.308216202124164
green,"[96, 184, 23]",733,1080,53.34357229333352,-6.328818570371333
green,"[96, 184, 23]",721,1080,53.34357259805877,-6.330119772576418
green,"[96, 184, 23]",645,1080,53.343574527985325,-6.338360719875285
green,"[96, 184, 23]",936,1067,53.34440921828219,-6.306805587898075
green,"[96, 184, 23]",556,1067,53.34441886791496,-6.348010324392414
green,"[96, 184, 23]",543,1067,53.344419198033975,-6.349419960114589
yellow,"[235, 52, 0]",442,1067,53.34442176280479,-6.360371745340716
green,"[96, 184, 23]",417,1067,53.344422397649055,-6.363082583267975
red,"[235, 52, 0]",1025,1055,53.34518426274499,-6.29715410164265
green,"[96, 184, 23]",467,1055,53.345198432468905,-6.357660004179075
green,"[96, 184, 23]",455,1055,53.34519873719415,-6.358961206384159
yellow,"[235, 52, 0]",429,1055,53.34519939743218,-6.361780477828509
green,"[96, 184, 23]",594,1042,53.34603728734413,-6.343887969004684
green,"[96, 184, 23]",569,1042,53.34603792218839,-6.346598806931943
green,"[96, 184, 23]",1265,1029,53.34686232800822,-6.271128100533134
green,"[96, 184, 23]",581,1029,53.34687969734721,-6.345296626222945
green,"[96, 184, 23]",505,1029,53.34688162727377,-6.3535375735218125
green,"[96, 184, 23]",493,1017,53.34765923650738,-6.3548378724925145
green,"[96, 184, 23]",581,1004,53.34849908173965,-6.345294744484648
green,"[96, 184, 23]",455,1004,53.348502281354726,-6.358957367638035
yellow,"[235, 52, 0]",581,991,53.34934116162372,-6.345293765980735
green,"[96, 184, 23]",1608,979,53.35009238672984,-6.233931640694545
yellow,"[235, 52, 0]",1367,979,53.35009850662852,-6.260064118313323
yellow,"[235, 52, 0]",1189,979,53.35010302671966,-6.279365284355409
green,"[96, 184, 23]",480,979,53.350121030902905,-6.35624464797248
green,"[96, 184, 23]",645,966,53.35095892081485,-6.338352139148655
green,"[96, 184, 23]",1088,941,53.35256705576698,-6.290314209339326
yellow,"[235, 52, 0]",1075,941,53.352567385886,-6.2917238450615
yellow,"[235, 52, 0]",1037,941,53.35256835084928,-6.295844318710935
green,"[96, 184, 23]",911,941,53.352571550464354,-6.309506941864321
green,"[96, 184, 23]",1088,928,53.35340913565105,-6.290313230835412
green,"[96, 184, 23]",1113,890,53.3558699650833,-6.287599532665942
green,"[96, 184, 23]",1113,864,53.35755412485144,-6.287597575658114
green,"[96, 184, 23]",1075,864,53.35755508981472,-6.291718049307548
green,"[96, 184, 23]",1037,864,53.357556054778,-6.2958385229569815
green,"[96, 184, 23]",949,864,53.35755828942979,-6.305380672460935
green,"[96, 184, 23]",1481,851,53.35838685982798,-6.247693062864945
green,"[96, 184, 23]",1101,851,53.35839650946075,-6.288897799359284
green,"[96, 184, 23]",1025,851,53.35839843938731,-6.2971387466581525
yellow,"[235, 52, 0]",999,851,53.35839909962534,-6.299958018102502
green,"[96, 184, 23]",1189,839,53.35917157931733,-6.27935474662095
green,"[96, 184, 23]",1177,839,53.35917188404257,-6.280655948826034
yellow,"[235, 52, 0]",1164,839,53.35917221416158,-6.282065584548209
yellow,"[235, 52, 0]",1101,839,53.35917381396912,-6.288896896124903
green,"[96, 184, 23]",1177,826,53.36001396392664,-6.28065497032212
orange,"[235, 52, 0]",1101,826,53.3600158938532,-6.288895917620988
green,"[96, 184, 23]",1075,826,53.36001655409122,-6.2917151890653376
green,"[96, 184, 23]",961,826,53.360019448981056,-6.30407661001364
green,"[96, 184, 23]",1215,813,53.36085507884743,-6.2765335181687725
yellow,"[235, 52, 0]",1063,813,53.36085893870054,-6.293015412766508
green,"[96, 184, 23]",1037,813,53.36085959893857,-6.295834684210858
green,"[96, 184, 23]",1012,813,53.36086023378283,-6.298545522138117
green,"[96, 184, 23]",974,813,53.36086119874611,-6.30266599578755
green,"[96, 184, 23]",1215,801,53.36163238335581,-6.27653261493439
yellow,"[235, 52, 0]",1202,801,53.36163271347482,-6.277942250656564
green,"[96, 184, 23]",1177,801,53.36163334831908,-6.280653088583824
yellow,"[235, 52, 0]",1164,801,53.361633678438096,-6.282062724305999
green,"[96, 184, 23]",1012,801,53.361637538291205,-6.298544618903734
green,"[96, 184, 23]",987,801,53.36163817313546,-6.301255456830994
yellow,"[235, 52, 0]",974,801,53.36163850325448,-6.302665092553169
green,"[96, 184, 23]",949,801,53.36163913809874,-6.305375930480428
green,"[96, 184, 23]",936,801,53.36163946821776,-6.306785566202603
yellow,"[235, 52, 0]",923,801,53.361639798336775,-6.308195201924777
green,"[96, 184, 23]",1544,788,53.36246610868939,-6.240857009307745
green,"[96, 184, 23]",1202,788,53.362474793358885,-6.277941272152651
yellow,"[235, 52, 0]",1189,788,53.3624751234779,-6.279350907874825
green,"[96, 184, 23]",1139,788,53.362476393166425,-6.284772583729344
green,"[96, 184, 23]",1050,788,53.362478653212,-6.294423166750386
green,"[96, 184, 23]",1025,788,53.36247928805626,-6.297134004677646
yellow,"[235, 52, 0]",936,788,53.36248154810183,-6.306784587698688
yellow,"[235, 52, 0]",923,788,53.36248187822084,-6.308194223420864
green,"[96, 184, 23]",1519,775,53.363308823417725,-6.24356686873109
yellow,"[235, 52, 0]",1202,775,53.36331687324296,-6.2779402936487365
yellow,"[235, 52, 0]",1025,775,53.36332136794032,-6.297133026173731
yellow,"[235, 52, 0]",949,775,53.36332329786688,-6.3053739734726
green,"[96, 184, 23]",1557,763,53.364085162962816,-6.239445491847274
red,"[235, 52, 0]",1481,763,53.36408709288937,-6.247686439146142
green,"[96, 184, 23]",1075,763,53.36409740276017,-6.291710447084831
green,"[96, 184, 23]",1063,763,53.36409770748542,-6.293011649289915
yellow,"[235, 52, 0]",1037,763,53.36409836772345,-6.295830920734265
green,"[96, 184, 23]",923,763,53.36410126261328,-6.308192341682567
green,"[96, 184, 23]",885,763,53.36410222757656,-6.3123128153320005
yellow,"[235, 52, 0]",873,763,53.36410253230181,-6.313614017537085
green,"[96, 184, 23]",860,763,53.36410286242082,-6.31502365325926
green,"[96, 184, 23]",1037,750,53.36494044760752,-6.295829942230351
green,"[96, 184, 23]",1012,750,53.36494108245178,-6.2985407801576105
green,"[96, 184, 23]",1075,737,53.36578156252831,-6.291708490077003
green,"[96, 184, 23]",1063,737,53.36578186725356,-6.293009692282087
green,"[96, 184, 23]",1037,737,53.36578252749159,-6.295828963726437
green,"[96, 184, 23]",1025,737,53.36578283221684,-6.297130165931521
green,"[96, 184, 23]",1113,725,53.3665579020734,-6.287587113193187
green,"[96, 184, 23]",987,725,53.36656110168848,-6.301249736346573
green,"[96, 184, 23]",961,712,53.367403841810585,-6.304068029287008
yellow,"[235, 52, 0]",999,699,53.368244956731374,-6.29994657713366
green,"[96, 184, 23]",961,699,53.36824592169465,-6.304067050783095
green,"[96, 184, 23]",746,699,53.3682513813553,-6.327380256957524
yellow,"[235, 52, 0]",1735,687,53.36900357142469,-6.220138605320768
green,"[96, 184, 23]",1506,687,53.36900938659813,-6.244969880734463
yellow,"[235, 52, 0]",1493,687,53.36900971671714,-6.246379516456637
green,"[96, 184, 23]",1455,687,53.36901068168042,-6.250499990106071
green,"[96, 184, 23]",1037,687,53.36902129627647,-6.295825200249844
green,"[96, 184, 23]",936,687,53.36902386104728,-6.306776985475971
green,"[96, 184, 23]",898,687,53.36902482601056,-6.310897459125405
yellow,"[235, 52, 0]",873,687,53.36902546085482,-6.313608297052665
yellow,"[235, 52, 0]",746,687,53.36902868586367,-6.327379353723141
green,"[96, 184, 23]",619,687,53.36903191087252,-6.341150410393618
yellow,"[235, 52, 0]",1506,674,53.3698514664822,-6.244968902230548
yellow,"[235, 52, 0]",1050,674,53.36986304604152,-6.294414586023756
green,"[96, 184, 23]",1037,674,53.36986337616054,-6.295824221745931
green,"[96, 184, 23]",949,674,53.36986561081234,-6.305366371249883
green,"[96, 184, 23]",746,674,53.36987076574774,-6.327378375219227
green,"[96, 184, 23]",1354,661,53.37069740621938,-6.26144981832437
green,"[96, 184, 23]",1025,661,53.37070576076985,-6.297124445447101
green,"[96, 184, 23]",999,661,53.37070642100789,-6.29994371689145
yellow,"[235, 52, 0]",873,661,53.37070962062296,-6.313606340044837
yellow,"[235, 52, 0]",860,661,53.370709950741976,-6.315015975767011
green,"[96, 184, 23]",784,661,53.37071188066853,-6.32325692306588
green,"[96, 184, 23]",1354,649,53.37147471072775,-6.261448915089988
yellow,"[235, 52, 0]",999,649,53.371483725516256,-6.299942813657068
green,"[96, 184, 23]",961,649,53.371484690479534,-6.304063287306502
green,"[96, 184, 23]",949,649,53.37148499520478,-6.305364489511587
green,"[96, 184, 23]",873,649,53.371486925131336,-6.313605436810454
green,"[96, 184, 23]",822,649,53.37148822021363,-6.319135546182063
green,"[96, 184, 23]",797,649,53.37148885505789,-6.321846384109322
yellow,"[235, 52, 0]",1367,636,53.3723164604928,-6.260038300863899
yellow,"[235, 52, 0]",1037,636,53.372324840437045,-6.29582136150372
yellow,"[235, 52, 0]",961,636,53.3723267703636,-6.304062308802588
yellow,"[235, 52, 0]",949,636,53.37232707508885,-6.3053635110076725
green,"[96, 184, 23]",771,636,53.37233159517999,-6.324664677049758
green,"[96, 184, 23]",733,636,53.37233256014326,-6.328785150699192
green,"[96, 184, 23]",949,623,53.37316915497291,-6.305362532503758
green,"[96, 184, 23]",911,623,53.37317011993619,-6.309483006153192
green,"[96, 184, 23]",733,623,53.37317464002734,-6.328784172195277
yellow,"[235, 52, 0]",1836,611,53.373923935206896,-6.209181099610221
green,"[96, 184, 23]",1735,611,53.37392649997771,-6.220132884836348
green,"[96, 184, 23]",1379,611,53.37393554016,-6.258735216920519
green,"[96, 184, 23]",784,611,53.37395064945341,-6.323253159589287
yellow,"[235, 52, 0]",746,611,53.37395161441669,-6.327373633238721
green,"[96, 184, 23]",1874,598,53.37476505012769,-6.205059647456872
green,"[96, 184, 23]",1861,598,53.37476538024671,-6.206469283179048
green,"[96, 184, 23]",1823,598,53.374766345209984,-6.210589756828481
green,"[96, 184, 23]",1811,598,53.37476664993523,-6.211890959033566
green,"[96, 184, 23]",1671,598,53.37477020506309,-6.2270716514262165
green,"[96, 184, 23]",1646,598,53.37477083990736,-6.229782489353476
green,"[96, 184, 23]",1595,598,53.37477213498965,-6.235312598725085
green,"[96, 184, 23]",898,598,53.37478983444765,-6.31089076013707
green,"[96, 184, 23]",797,598,53.374792399218464,-6.3218425453631975
green,"[96, 184, 23]",2127,585,53.37560070538783,-6.177624989129096
green,"[96, 184, 23]",1849,585,53.37560776485602,-6.207769506880218
yellow,"[235, 52, 0]",1798,585,53.37560905993831,-6.213299616251827
yellow,"[235, 52, 0]",1785,585,53.37560939005733,-6.214709251974001
green,"[96, 184, 23]",1722,585,53.37561098986487,-6.221540563550694
green,"[96, 184, 23]",1709,585,53.37561131998388,-6.222950199272869
green,"[96, 184, 23]",1671,585,53.37561228494716,-6.227070672922303
yellow,"[235, 52, 0]",1646,585,53.37561291979142,-6.229781510849562
green,"[96, 184, 23]",898,585,53.37563191433172,-6.310889781633157
yellow,"[235, 52, 0]",860,585,53.375632879295,-6.315010255282591
green,"[96, 184, 23]",797,585,53.37563447910254,-6.321841566859284
green,"[96, 184, 23]",759,585,53.37563544406581,-6.325962040508718
green,"[96, 184, 23]",2254,573,53.37637478488736,-6.163853029224237
green,"[96, 184, 23]",2089,573,53.376378974859485,-6.181744559544147
yellow,"[235, 52, 0]",2051,573,53.37637993982276,-6.185865033193581
green,"[96, 184, 23]",2039,573,53.37638024454801,-6.187166235398665
green,"[96, 184, 23]",1684,573,53.37638925933652,-6.225660133965746
yellow,"[235, 52, 0]",1646,573,53.3763902242998,-6.22978060761518
green,"[96, 184, 23]",1633,573,53.37639055441881,-6.2311902433373545
green,"[96, 184, 23]",1354,573,53.37639763928077,-6.261443194605567
yellow,"[235, 52, 0]",860,573,53.376410183803365,-6.315009352048208
green,"[96, 184, 23]",822,573,53.37641114876664,-6.319129825697642
green,"[96, 184, 23]",797,573,53.376411783610905,-6.321840663624902
green,"[96, 184, 23]",771,573,53.376412443848935,-6.324659935069251
green,"[96, 184, 23]",2241,560,53.37721719489044,-6.165261686442498
red,"[235, 52, 0]",2229,560,53.37721749961569,-6.166562888647582
green,"[96, 184, 23]",1937,560,53.37722491459666,-6.198225475637969
yellow,"[235, 52, 0]",1925,560,53.37722521932191,-6.199526677843053
yellow,"[235, 52, 0]",1583,560,53.3772339039914,-6.236610940687959
green,"[96, 184, 23]",1519,560,53.37723552919271,-6.243550685781742
green,"[96, 184, 23]",822,560,53.37725322865072,-6.319128847193729
green,"[96, 184, 23]",809,560,53.37725355876973,-6.320538482915903
green,"[96, 184, 23]",797,560,53.37725386349498,-6.321839685120987
green,"[96, 184, 23]",759,560,53.377254828458256,-6.325960158770421
green,"[96, 184, 23]",746,560,53.37725515857727,-6.327369794492596
green,"[96, 184, 23]",733,560,53.377255488696285,-6.328779430214771
green,"[96, 184, 23]",2153,547,53.37806150942631,-6.174802857442535
green,"[96, 184, 23]",2064,547,53.378063769471886,-6.184453440463578
yellow,"[235, 52, 0]",2001,547,53.37806536927942,-6.191284752040271
green,"[96, 184, 23]",1925,547,53.37806729920597,-6.199525699339139
green,"[96, 184, 23]",1849,547,53.37806922913253,-6.207766646638008
yellow,"[235, 52, 0]",1836,547,53.37806955925154,-6.209176282360182
green,"[96, 184, 23]",1671,547,53.37807374922368,-6.227067812680093
green,"[96, 184, 23]",1113,547,53.37808791894759,-6.287573715216517
green,"[96, 184, 23]",835,547,53.37809497841577,-6.317718232967639
yellow,"[235, 52, 0]",809,547,53.3780956386538,-6.320537504411989
green,"[96, 184, 23]",797,547,53.37809594337904,-6.321838706617074
yellow,"[235, 52, 0]",771,547,53.378096603617074,-6.324657978061423
green,"[96, 184, 23]",759,547,53.37809690834232,-6.325959180266508
yellow,"[235, 52, 0]",2229,535,53.37883688400813,-6.166561006909285
green,"[96, 184, 23]",2153,535,53.378838813934685,-6.174801954208154
yellow,"[235, 52, 0]",2064,535,53.378841073980254,-6.1844525372291965
green,"[96, 184, 23]",2292,522,53.37967736408466,-6.159728716828679
green,"[96, 184, 23]",2191,522,53.379679928855474,-6.170680502054806
green,"[96, 184, 23]",2178,522,53.379680258974496,-6.17209013777698
green,"[96, 184, 23]",1937,522,53.37968637887317,-6.198222615395759
green,"[96, 184, 23]",1747,522,53.37969120368955,-6.218824983642929
yellow,"[235, 52, 0]",1671,522,53.37969313361611,-6.227065930941796
green,"[96, 184, 23]",1659,522,53.37969343834136,-6.228367133146881
yellow,"[235, 52, 0]",2330,509,53.38051847900545,-6.15560726467533
green,"[96, 184, 23]",2305,509,53.38051911384972,-6.15831810260259
green,"[96, 184, 23]",1887,509,53.380529728445765,-6.203643312746363
yellow,"[235, 52, 0]",1684,509,53.380534883381166,-6.225655316715708
green,"[96, 184, 23]",847,509,53.38055613796704,-6.3164141705203445
green,"[96, 184, 23]",2241,497,53.3812980435594,-6.165256944461991
green,"[96, 184, 23]",2064,497,53.38130253825676,-6.1844496769869854
yellow,"[235, 52, 0]",1747,497,53.381310588082,-6.218823101904632
green,"[96, 184, 23]",987,497,53.38132988734754,-6.301232574893311
green,"[96, 184, 23]",2368,484,53.38213689843462,-6.1514849092876
green,"[96, 184, 23]",1912,484,53.38214847799394,-6.200930593080807
green,"[96, 184, 23]",1849,484,53.38215007780149,-6.2077619046575006
green,"[96, 184, 23]",1773,484,53.38215200772803,-6.216002851956368
green,"[96, 184, 23]",1621,484,53.38215586758114,-6.232484746554104
green,"[96, 184, 23]",974,484,53.38217229735062,-6.302641232111572
green,"[96, 184, 23]",2165,471,53.38298413325408,-6.173495934753031
green,"[96, 184, 23]",2001,471,53.38298829783244,-6.191279031555851
green,"[96, 184, 23]",2279,459,53.38375854287263,-6.161133610570347
yellow,"[235, 52, 0]",2254,459,53.38375917771689,-6.163844448497605
green,"[96, 184, 23]",2191,459,53.38376077752443,-6.170675760074299
green,"[96, 184, 23]",2153,459,53.38376174248771,-6.1747962337237325
green,"[96, 184, 23]",1975,459,53.383766262578845,-6.194097399765818
green,"[96, 184, 23]",1899,459,53.3837681925054,-6.202338347064687
green,"[96, 184, 23]",1608,459,53.3837755820926,-6.233892500537983
green,"[96, 184, 23]",1570,459,53.383776547055874,-6.238012974187416
green,"[96, 184, 23]",2216,446,53.38460222256423,-6.167963943643126
yellow,"[235, 52, 0]",2178,446,53.38460318752751,-6.17208441729256
yellow,"[235, 52, 0]",2216,433,53.38544430244831,-6.167962965139211
green,"[96, 184, 23]",1988,433,53.38545009222796,-6.192685807035815
green,"[96, 184, 23]",1544,433,53.38546136706205,-6.240830288623938
green,"[96, 184, 23]",2381,421,53.38621741698455,-6.150070531584919
green,"[96, 184, 23]",2292,421,53.38621967703012,-6.159721114605961
green,"[96, 184, 23]",1481,421,53.38624027137796,-6.247660696966249
yellow,"[235, 52, 0]",1405,421,53.38624220130451,-6.255901644265117
green,"[96, 184, 23]",1240,421,53.38624639127664,-6.273793174585028
green,"[96, 184, 23]",1988,408,53.3870694766204,-6.192683925297519
yellow,"[235, 52, 0]",1975,408,53.38706980673943,-6.194093561019693
yellow,"[235, 52, 0]",1709,408,53.38707656148236,-6.222936876565732
green,"[96, 184, 23]",1608,408,53.38707912625318,-6.233888661791859
green,"[96, 184, 23]",1595,408,53.38707945637219,-6.235298297514033
green,"[96, 184, 23]",1468,408,53.38708268138104,-6.24906935418451
green,"[96, 184, 23]",1430,408,53.38708364634432,-6.253189827833944
green,"[96, 184, 23]",1151,408,53.38709073120627,-6.283442779102156
green,"[96, 184, 23]",1659,395,53.38791991105495,-6.228357573916336
green,"[96, 184, 23]",1595,395,53.387921536256265,-6.235297319010119
green,"[96, 184, 23]",1493,395,53.38792412642085,-6.246357537753337
green,"[96, 184, 23]",1468,395,53.38792476126511,-6.249068375680596
green,"[96, 184, 23]",1379,395,53.38792702131068,-6.258718958701639
green,"[96, 184, 23]",1481,383,53.38870173565447,-6.247657836724039
green,"[96, 184, 23]",1392,383,53.388703995700034,-6.2573084197450815
green,"[96, 184, 23]",1621,370,53.38954026041067,-6.232476165827474
orange,"[235, 52, 0]",1519,370,53.38954285057526,-6.243536384570691
green,"[96, 184, 23]",1278,357,53.390391050358005,-6.269667883685555
yellow,"[235, 52, 0]",1240,357,53.39039201532128,-6.273788357334989
green,"[96, 184, 23]",1443,345,53.39116416489425,-6.251775450131262
green,"[96, 184, 23]",1291,345,53.39116802474736,-6.268257344728998
yellow,"[235, 52, 0]",1227,345,53.39116964994867,-6.275197089822782
green,"[96, 184, 23]",1379,332,53.39200786997963,-6.258714216721132
green,"[96, 184, 23]",1291,332,53.39201010463143,-6.268256366225084
green,"[96, 184, 23]",1253,332,53.39201106959471,-6.272376839874518
green,"[96, 184, 23]",1240,332,53.39201139971373,-6.273786475596693
yellow,"[235, 52, 0]",1227,332,53.39201172983274,-6.275196111318868
yellow,"[235, 52, 0]",1519,319,53.39284639473584,-6.243532545824566
green,"[96, 184, 23]",1443,319,53.39284832466239,-6.2517734931234346
green,"[96, 184, 23]",1430,319,53.3928486547814,-6.253183128845609
yellow,"[235, 52, 0]",1392,319,53.39284961974468,-6.257303602495044
green,"[96, 184, 23]",1202,319,53.39285444456107,-6.2779059707422125
green,"[96, 184, 23]",949,319,53.39286086918499,-6.305339650566076
green,"[96, 184, 23]",1836,307,53.393615649418976,-6.209158217672538
yellow,"[235, 52, 0]",1392,307,53.393626924253056,-6.257302699260661
green,"[96, 184, 23]",2241,294,53.394447444826014,-6.165241664747025
green,"[96, 184, 23]",1443,294,53.39446770905483,-6.251771611385138
yellow,"[235, 52, 0]",1329,294,53.39447060394466,-6.26413303233344
yellow,"[235, 52, 0]",1316,294,53.39447093406368,-6.265542668055614
yellow,"[235, 52, 0]",936,294,53.39448058369645,-6.306747404549954
green,"[96, 184, 23]",923,294,53.39448091381546,-6.308157040272129
green,"[96, 184, 23]",1811,281,53.39530044403137,-6.211867098591969
green,"[96, 184, 23]",1405,281,53.39531075390218,-6.255891106530658
green,"[96, 184, 23]",1392,281,53.3953110840212,-6.257300742252832
green,"[96, 184, 23]",1215,281,53.39531557871856,-6.276493474777828
green,"[96, 184, 23]",1075,281,53.39531913384643,-6.291674167170479
green,"[96, 184, 23]",898,281,53.39532362854379,-6.310866899695474
yellow,"[235, 52, 0]",1227,269,53.39609257850169,-6.275191369338361
green,"[96, 184, 23]",1215,269,53.396092883226935,-6.276492571543446
green,"[96, 184, 23]",1202,269,53.39609321334595,-6.277902207265621
green,"[96, 184, 23]",1861,256,53.396918558735294,-6.206443540999154
green,"[96, 184, 23]",1531,256,53.39692693867954,-6.242226601638976
green,"[96, 184, 23]",1278,256,53.39693336330347,-6.269660281462839
green,"[96, 184, 23]",1075,256,53.39693851823887,-6.291672285432183
green,"[96, 184, 23]",949,256,53.39694171785394,-6.305334908585569
green,"[96, 184, 23]",936,256,53.39694204797296,-6.306744544307744
yellow,"[235, 52, 0]",2064,243,53.39775548368396,-6.184430558525896
green,"[96, 184, 23]",1621,243,53.39776673312427,-6.232466606596929
green,"[96, 184, 23]",1519,243,53.397769323288856,-6.243526825340146
yellow,"[235, 52, 0]",1367,243,53.397773183141965,-6.260008719937882
yellow,"[235, 52, 0]",1278,243,53.397775443187534,-6.2696593029589245
green,"[96, 184, 23]",1253,243,53.3977760780318,-6.272370140886183
green,"[96, 184, 23]",911,243,53.39778476270129,-6.309454403731089
green,"[96, 184, 23]",1265,231,53.39855307781493,-6.271068035446717
green,"[96, 184, 23]",2077,218,53.399374537957385,-6.183019041065425
green,"[96, 184, 23]",2064,218,53.3993748680764,-6.1844286767876
green,"[96, 184, 23]",1646,218,53.39938548267245,-6.229753886931373
green,"[96, 184, 23]",1405,218,53.39939160257113,-6.255886364550151
green,"[96, 184, 23]",1621,205,53.40022819740078,-6.232463746354719
green,"[96, 184, 23]",2355,193,53.40098686288164,-6.152872641576007
green,"[96, 184, 23]",2216,193,53.40099039261573,-6.167944900451568
green,"[96, 184, 23]",1621,193,53.40100550190915,-6.232462843120336
green,"[96, 184, 23]",1164,180,53.40185918674632,-6.28201598192672
green,"[96, 184, 23]",2191,155,53.4034524917365,-6.170652878136616
green,"[96, 184, 23]",2178,155,53.40345282185552,-6.172062513858792
yellow,"[235, 52, 0]",2153,155,53.40345345669978,-6.17477335178605
green,"[96, 184, 23]",1887,155,53.40346021144272,-6.203616667332088
green,"[96, 184, 23]",2305,142,53.40429167673074,-6.158290478684401
green,"[96, 184, 23]",2178,142,53.40429490173959,-6.172061535354877
yellow,"[235, 52, 0]",2355,129,53.40513248692629,-6.152867824325968
green,"[96, 184, 23]",2343,129,53.40513279165153,-6.1541690265310525
green,"[96, 184, 23]",2191,129,53.40513665150464,-6.1706509211287885
green,"[96, 184, 23]",2178,129,53.405136981623656,-6.172060556850963
green,"[96, 184, 23]",2102,129,53.40513891155021,-6.180301504149831
green,"[96, 184, 23]",1177,129,53.40516240078788,-6.28060250745842
green,"[96, 184, 23]",1126,129,53.40516369587017,-6.286132616830029
green,"[96, 184, 23]",2305,117,53.40591106112318,-6.158288596946104
yellow,"[235, 52, 0]",2216,117,53.405913321168754,-6.167939179967147
yellow,"[235, 52, 0]",2191,117,53.40591395601301,-6.170650017894406
green,"[96, 184, 23]",2165,117,53.405914616251046,-6.173469289338756
green,"[96, 184, 23]",2153,117,53.40591492097629,-6.17477049154384
yellow,"[235, 52, 0]",1113,117,53.40594133049756,-6.287541349317822
yellow,"[235, 52, 0]",1088,117,53.40594196534182,-6.290252187245081
green,"[96, 184, 23]",2229,104,53.406755070933805,-6.166528565741058
green,"[96, 184, 23]",2216,104,53.40675540105282,-6.167938201463233
green,"[96, 184, 23]",2203,104,53.40675573117184,-6.169347837185407
green,"[96, 184, 23]",2343,91,53.40759425592804,-6.154166166288842
green,"[96, 184, 23]",2330,91,53.40759458604706,-6.1555758020110165
green,"[96, 184, 23]",2317,91,53.40759491616608,-6.156985437733192
green,"[96, 184, 23]",2191,91,53.40759811578115,-6.1706480608865775
